"term","estimate","std.error","statistic","p.value"
"(Intercept)",0.155099446502084,0.0217751702993136,7.12276617680333,1.0578219519671e-12
"site_typeNatural",0.0759157922625289,0.0409905117660139,1.85203328750514,0.0640210430643993
"site_typeSemi-natural remnant",0.200145904627149,0.0344886258368129,5.80324381650239,6.50441015467506e-09
