"term","estimate","std.error","statistic","p.value"
"(Intercept)",0.155099446502083,0.0217751702993137,7.12276617680327,1.05782195196755e-12
"site_typeNatural",0.0759157922625301,0.0409905117660139,1.85203328750517,0.0640210430643952
"site_typeSemi-natural remnant",0.200145904627151,0.0344886258368129,5.80324381650245,6.50441015467272e-09
