"term","estimate","std.error","statistic","p.value"
"(Intercept)",0.231015238764612,0.0347284323469349,6.65204914684268,2.89040143613549e-11
"relevel(site_type, ref = ""Natural"")Agricultural",-0.0759157922625312,0.040990511766014,-1.85203328750519,0.064021043064392
"relevel(site_type, ref = ""Natural"")Semi-natural remnant",0.124230112364623,0.0438334493717212,2.83413954742902,0.00459492620698823
